user_id,workspace_id,role,created_at,is_deleted
u_00193,ws_0020,associate,2025-01-04T00:00:00+00:00,false
u_00112,ws_0017,associate,2025-07-13T00:00:00+00:00,true
u_00090,ws_0017,associate,2024-12-10T00:00:00+00:00,false
u_00450,ws_0046,associate,2025-07-01T00:00:00+00:00,false
u_00414,ws_0041,partner,2025-04-07T00:00:00+00:00,false
u_00217,ws_0023,paralegal,2025-04-10T00:00:00+00:00,false
u_00339,ws_0035,paralegal,2025-11-01T00:00:00+00:00,false
u_00426,ws_0041,associate,2025-07-03T00:00:00+00:00,false
u_00403,ws_0041,partner,2025-10-11T00:00:00+00:00,false
u_00491,ws_0060,partner,2025-02-20T00:00:00+00:00,false
u_00128,ws_0018,associate,2024-12-24T00:00:00+00:00,false
u_00314,ws_0033,associate,2025-01-01T00:00:00+00:00,false
u_00338,ws_0035,partner,2025-10-16T00:00:00+00:00,false
u_00124,ws_0018,associate,2026-01-08T00:00:00+00:00,false
u_00065,ws_0009,associate,2024-12-08T00:00:00+00:00,true
u_00415,ws_0041,in_house_counsel,2025-12-08T00:00:00+00:00,false
u_00466,ws_0051,partner,2025-05-15T00:00:00+00:00,false
u_00208,ws_0021,associate,2025-04-11T00:00:00+00:00,false
u_00508,ws_0061,associate,2025-10-04T00:00:00+00:00,false
u_00156,ws_0019,associate,2026-04-05T00:00:00+00:00,false
u_00173,ws_0020,associate,2025-11-15T00:00:00+00:00,false
u_00150,ws_0019,partner,2025-01-01T00:00:00+00:00,false
u_00626,ws_0075,paralegal,2025-11-13T00:00:00+00:00,false
u_00234,ws_0025,associate,2025-12-15T00:00:00+00:00,false
u_00282,ws_0029,associate,2025-07-14T00:00:00+00:00,false
u_00092,ws_0017,associate,2026-01-21T00:00:00+00:00,false
u_00422,ws_0041,partner,2024-11-21T00:00:00+00:00,false
u_00277,ws_0029,associate,2025-03-30T00:00:00+00:00,false
u_00452,ws_0047,associate,2025-04-10T00:00:00+00:00,false
u_00229,ws_0024,paralegal,2025-02-26T00:00:00+00:00,false
u_00221,ws_0023,associate,2026-03-25T00:00:00+00:00,false
u_00480,ws_0056,partner,2025-08-10T00:00:00+00:00,false
u_00456,ws_0048,associate,2025-12-19T00:00:00+00:00,false
u_00334,ws_0035,in_house_counsel,2025-11-12T00:00:00+00:00,false
u_00201,ws_0020,paralegal,2025-03-10T00:00:00+00:00,false
u_00014,ws_0004,paralegal,2025-08-08T00:00:00+00:00,false
u_00220,ws_0023,paralegal,2025-04-04T00:00:00+00:00,false
u_00098,ws_0017,associate,2025-10-06T00:00:00+00:00,false
u_00317,ws_0033,associate,2025-11-16T00:00:00+00:00,false
u_00344,ws_0035,partner,2025-01-23T00:00:00+00:00,false
u_00471,ws_0053,associate,2026-03-18T00:00:00+00:00,false
u_00436,ws_0042,partner,2026-02-17T00:00:00+00:00,false
u_00306,ws_0031,paralegal,2024-11-30T00:00:00+00:00,false
u_00231,ws_0025,associate,2025-08-21T00:00:00+00:00,false
u_00302,ws_0031,paralegal,2025-04-25T00:00:00+00:00,false
u_00072,ws_0010,in_house_counsel,2025-02-12T00:00:00+00:00,false
u_00152,ws_0019,associate,2025-01-22T00:00:00+00:00,false
u_00147,ws_0018,associate,2026-03-13T00:00:00+00:00,false
u_00411,ws_0041,paralegal,2025-10-23T00:00:00+00:00,false
u_00108,ws_0017,paralegal,2025-07-10T00:00:00+00:00,false
u_00245,ws_0026,paralegal,2024-10-28T00:00:00+00:00,false
u_00557,ws_0067,associate,2025-10-22T00:00:00+00:00,false
u_orphan_1,ws_9001,associate,2026-03-21T00:00:00+00:00,false
u_00165,ws_0020,associate,2025-06-18T00:00:00+00:00,false
u_00058,ws_0008,partner,2025-02-26T00:00:00+00:00,false
u_00202,ws_0020,associate,2026-02-28T00:00:00+00:00,false
u_00093,ws_0017,associate,2024-12-30T00:00:00+00:00,false
u_00272,ws_0029,associate,2025-07-20T00:00:00+00:00,true
u_00180,ws_0020,associate,2026-01-27T00:00:00+00:00,false
u_00581,ws_0071,partner,2025-02-16T00:00:00+00:00,false
u_00041,ws_0005,associate,2025-09-28T00:00:00+00:00,false
u_00511,ws_0061,partner,2025-11-27T00:00:00+00:00,false
u_00448,ws_0045,associate,2025-08-16T00:00:00+00:00,false
u_00121,ws_0018,paralegal,2025-08-31T00:00:00+00:00,false
u_00536,ws_0066,in_house_counsel,2025-02-13T00:00:00+00:00,false
u_00370,ws_0036,paralegal,2024-11-16T00:00:00+00:00,false
u_00654,ws_0076,partner,2025-06-13T00:00:00+00:00,false
u_00497,ws_0061,associate,2026-03-12T00:00:00+00:00,false
u_00319,ws_0033,partner,2025-10-25T00:00:00+00:00,true
u_00209,ws_0021,partner,2025-06-21T00:00:00+00:00,false
u_00218,ws_0023,associate,2025-07-23T00:00:00+00:00,false
u_00140,ws_0018,associate,2025-07-18T00:00:00+00:00,false
u_00637,ws_0076,partner,2025-01-29T00:00:00+00:00,false
u_00459,ws_0049,partner,2024-11-14T00:00:00+00:00,false
u_00673,ws_0077,associate,2025-12-29T00:00:00+00:00,false
u_00399,ws_0041,in_house_counsel,2026-03-17T00:00:00+00:00,false
u_00248,ws_0026,associate,2026-03-06T00:00:00+00:00,false
u_00607,ws_0072,paralegal,2026-01-12T00:00:00+00:00,false
u_00437,ws_0043,associate,2024-12-30T00:00:00+00:00,false
u_00432,ws_0041,in_house_counsel,2025-07-22T00:00:00+00:00,false
u_00481,ws_0057,associate,2025-06-19T00:00:00+00:00,false
u_00286,ws_0029,associate,2026-04-12T00:00:00+00:00,false
u_00655,ws_0076,associate,2025-02-10T00:00:00+00:00,false
u_00544,ws_0067,associate,2025-03-27T00:00:00+00:00,false
u_00003,ws_0002,in_house_counsel,2025-11-05T00:00:00+00:00,false
u_00592,ws_0071,partner,2025-09-08T00:00:00+00:00,false
u_00236,ws_0025,associate,2026-03-29T00:00:00+00:00,false
u_00487,ws_0059,associate,2025-07-31T00:00:00+00:00,false
u_00463,ws_0051,in_house_counsel,2025-06-17T00:00:00+00:00,false
u_00192,ws_0020,associate,2025-11-24T00:00:00+00:00,false
u_00445,ws_0044,partner,2025-11-07T00:00:00+00:00,false
u_00540,ws_0066,associate,2025-10-19T00:00:00+00:00,false
u_00323,ws_0033,associate,2026-02-25T00:00:00+00:00,false
u_00602,ws_0072,associate,2026-01-27T00:00:00+00:00,false
u_00476,ws_0055,associate,2025-05-22T00:00:00+00:00,false
u_00668,ws_0077,in_house_counsel,2025-11-25T00:00:00+00:00,false
u_00263,ws_0029,associate,2025-12-07T00:00:00+00:00,false
u_00056,ws_0008,associate,2026-01-27T00:00:00+00:00,false
u_00206,ws_0020,paralegal,2025-11-30T00:00:00+00:00,false
u_00113,ws_0017,partner,2025-06-24T00:00:00+00:00,false
u_00379,ws_0041,associate,2025-06-06T00:00:00+00:00,false
u_00624,ws_0074,associate,2025-08-10T00:00:00+00:00,false
u_00653,ws_0076,paralegal,2025-02-25T00:00:00+00:00,false
u_00178,ws_0020,associate,2025-11-12T00:00:00+00:00,false
u_00075,ws_0010,partner,2026-03-09T00:00:00+00:00,false
u_00176,ws_0020,associate,2024-10-28T00:00:00+00:00,false
u_00666,ws_0077,in_house_counsel,2024-12-11T00:00:00+00:00,false
u_00082,ws_0014,in_house_counsel,2025-09-28T00:00:00+00:00,false
u_00157,ws_0019,partner,2025-12-24T00:00:00+00:00,false
u_00087,ws_0016,associate,2024-12-04T00:00:00+00:00,false
u_00535,ws_0066,associate,2025-12-02T00:00:00+00:00,false
u_00166,ws_0020,associate,2024-12-04T00:00:00+00:00,false
u_00521,ws_0064,in_house_counsel,2025-09-08T00:00:00+00:00,false
u_00025,ws_0005,associate,2024-11-12T00:00:00+00:00,false
u_00532,ws_0066,associate,2026-03-04T00:00:00+00:00,false
u_00298,ws_0030,associate,2024-10-30T00:00:00+00:00,false
u_00099,ws_0017,paralegal,2024-12-05T00:00:00+00:00,false
u_00106,ws_0017,partner,2025-10-04T00:00:00+00:00,false
u_00292,ws_0029,paralegal,2026-03-07T00:00:00+00:00,false
u_00228,ws_0024,paralegal,2025-02-19T00:00:00+00:00,false
u_00181,ws_0020,paralegal,2025-03-26T00:00:00+00:00,false
u_00017,ws_0005,paralegal,2025-01-03T00:00:00+00:00,false
u_00136,ws_0018,in_house_counsel,2024-11-23T00:00:00+00:00,false
u_00102,ws_0017,associate,2025-08-13T00:00:00+00:00,false
u_00552,ws_0067,in_house_counsel,2025-08-23T00:00:00+00:00,false
u_00386,ws_0041,partner,2024-11-26T00:00:00+00:00,false
u_00305,ws_0031,partner,2026-02-01T00:00:00+00:00,false
u_00224,ws_0024,partner,2026-03-04T00:00:00+00:00,false
u_00183,ws_0020,partner,2026-02-08T00:00:00+00:00,false
u_00103,ws_0017,associate,2024-12-21T00:00:00+00:00,false
u_00376,ws_0039,partner,2024-12-30T00:00:00+00:00,false
u_00297,ws_0029,associate,2025-04-14T00:00:00+00:00,false
u_00492,ws_0060,associate,2025-11-30T00:00:00+00:00,true
u_00565,ws_0069,associate,2025-05-16T00:00:00+00:00,false
u_00012,ws_0004,paralegal,2026-03-25T00:00:00+00:00,false
u_00131,ws_0018,paralegal,2025-09-29T00:00:00+00:00,false
u_00534,ws_0066,partner,2024-12-22T00:00:00+00:00,true
u_00473,ws_0054,associate,2025-02-23T00:00:00+00:00,false
u_00582,ws_0071,partner,2025-08-27T00:00:00+00:00,false
u_00627,ws_0075,associate,2025-12-31T00:00:00+00:00,false
u_00516,ws_0063,associate,2024-11-21T00:00:00+00:00,false
u_00587,ws_0071,paralegal,2024-12-05T00:00:00+00:00,false
u_00055,ws_0008,partner,2025-07-01T00:00:00+00:00,false
u_00010,ws_0003,associate,2025-02-27T00:00:00+00:00,false
u_00246,ws_0026,partner,2025-01-15T00:00:00+00:00,false
u_00352,ws_0036,in_house_counsel,2025-01-13T00:00:00+00:00,false
u_00247,ws_0026,associate,2025-12-29T00:00:00+00:00,false
u_00155,ws_0019,in_house_counsel,2025-08-17T00:00:00+00:00,false
u_00389,ws_0041,in_house_counsel,2025-10-17T00:00:00+00:00,false
u_00601,ws_0072,associate,2025-08-13T00:00:00+00:00,false
u_00594,ws_0071,partner,2025-02-22T00:00:00+00:00,true
u_00485,ws_0058,paralegal,2025-11-21T00:00:00+00:00,false
u_00514,ws_0061,associate,2026-04-08T00:00:00+00:00,false
u_00318,ws_0033,associate,2025-05-03T00:00:00+00:00,false
u_00622,ws_0074,in_house_counsel,2025-02-01T00:00:00+00:00,false
u_00372,ws_0036,associate,2025-04-02T00:00:00+00:00,false
u_00538,ws_0066,in_house_counsel,2025-03-31T00:00:00+00:00,false
u_00174,ws_0020,partner,2024-11-21T00:00:00+00:00,false
u_00682,ws_0077,paralegal,2025-10-10T00:00:00+00:00,false
u_00663,ws_0077,partner,2025-09-04T00:00:00+00:00,false
u_00354,ws_0036,associate,2025-08-21T00:00:00+00:00,false
u_00365,ws_0036,partner,2024-11-08T00:00:00+00:00,false
u_00606,ws_0072,paralegal,2025-05-15T00:00:00+00:00,false
u_00404,ws_0041,associate,2025-12-20T00:00:00+00:00,false
u_00573,ws_0071,paralegal,2025-08-14T00:00:00+00:00,false
u_00235,ws_0025,paralegal,2026-01-16T00:00:00+00:00,false
u_00250,ws_0026,associate,2026-03-19T00:00:00+00:00,false
u_00585,ws_0071,paralegal,2024-12-03T00:00:00+00:00,false
u_00237,ws_0025,associate,2025-12-12T00:00:00+00:00,false
u_00069,ws_0010,associate,2025-01-02T00:00:00+00:00,false
u_00619,ws_0074,paralegal,2025-03-09T00:00:00+00:00,false
u_00081,ws_0013,partner,2025-06-04T00:00:00+00:00,false
u_00658,ws_0076,paralegal,2025-04-16T00:00:00+00:00,false
u_00185,ws_0020,paralegal,2025-01-30T00:00:00+00:00,false
u_00293,ws_0029,associate,2026-01-30T00:00:00+00:00,false
u_00066,ws_0010,associate,2025-11-01T00:00:00+00:00,false
u_00249,ws_0026,in_house_counsel,2024-11-02T00:00:00+00:00,false
u_00525,ws_0064,in_house_counsel,2025-09-24T00:00:00+00:00,false
u_00341,ws_0035,associate,2025-01-20T00:00:00+00:00,false
u_00515,ws_0062,associate,2024-12-29T00:00:00+00:00,false
u_00443,ws_0043,partner,2025-03-22T00:00:00+00:00,false
u_00204,ws_0020,associate,2025-04-24T00:00:00+00:00,false
u_00419,ws_0041,associate,2026-02-03T00:00:00+00:00,false
u_00240,ws_0025,partner,2026-04-17T00:00:00+00:00,false
u_00019,ws_0005,associate,2025-03-07T00:00:00+00:00,false
u_00100,ws_0017,associate,2024-12-18T00:00:00+00:00,false
u_00657,ws_0076,associate,2025-02-15T00:00:00+00:00,false
u_00558,ws_0067,associate,2024-11-28T00:00:00+00:00,true
u_00576,ws_0071,associate,2025-04-17T00:00:00+00:00,false
u_00024,ws_0005,associate,2025-05-01T00:00:00+00:00,false
u_00148,ws_0019,associate,2025-05-23T00:00:00+00:00,false
u_00021,ws_0005,associate,2025-05-15T00:00:00+00:00,false
u_00659,ws_0076,paralegal,2026-01-22T00:00:00+00:00,false
u_00483,ws_0057,associate,2025-07-13T00:00:00+00:00,false
u_00520,ws_0064,associate,2025-02-18T00:00:00+00:00,false
u_00434,ws_0041,partner,2025-06-27T00:00:00+00:00,false
u_00413,ws_0041,paralegal,2025-08-20T00:00:00+00:00,false
u_00539,ws_0066,in_house_counsel,2025-12-04T00:00:00+00:00,false
u_00455,ws_0048,paralegal,2025-07-07T00:00:00+00:00,false
u_00011,ws_0003,paralegal,2025-08-20T00:00:00+00:00,false
u_00262,ws_0028,partner,2026-01-11T00:00:00+00:00,false
u_00430,ws_0041,associate,2025-05-09T00:00:00+00:00,false
u_00182,ws_0020,associate,2024-12-06T00:00:00+00:00,false
u_00394,ws_0041,associate,2026-02-20T00:00:00+00:00,false
u_00431,ws_0041,associate,2026-03-21T00:00:00+00:00,false
u_00614,ws_0074,associate,2025-08-16T00:00:00+00:00,false
u_00107,ws_0017,paralegal,2025-10-12T00:00:00+00:00,false
u_00458,ws_0049,associate,2025-04-10T00:00:00+00:00,false
u_00524,ws_0064,associate,2026-02-15T00:00:00+00:00,false
u_00387,ws_0041,paralegal,2025-07-20T00:00:00+00:00,false
u_00479,ws_0056,paralegal,2025-07-23T00:00:00+00:00,false
u_00493,ws_0060,associate,2025-11-09T00:00:00+00:00,false
u_00633,ws_0076,associate,2026-01-23T00:00:00+00:00,false
u_00294,ws_0029,associate,2025-03-01T00:00:00+00:00,false
u_00409,ws_0041,paralegal,2025-05-27T00:00:00+00:00,false
u_00168,ws_0020,associate,2025-03-29T00:00:00+00:00,false
u_00343,ws_0035,associate,2024-12-25T00:00:00+00:00,false
u_00505,ws_0061,partner,2025-12-25T00:00:00+00:00,false
u_00395,ws_0041,associate,2025-04-12T00:00:00+00:00,false
u_00252,ws_0026,partner,2025-01-20T00:00:00+00:00,false
u_00686,ws_0079,paralegal,2025-06-19T00:00:00+00:00,false
u_00276,ws_0029,paralegal,2026-03-19T00:00:00+00:00,false
u_00390,ws_0041,associate,2026-01-28T00:00:00+00:00,false
u_00408,ws_0041,paralegal,2025-01-19T00:00:00+00:00,false
u_00649,ws_0076,in_house_counsel,2025-09-27T00:00:00+00:00,false
u_00584,ws_0071,in_house_counsel,2025-05-09T00:00:00+00:00,false
u_00285,ws_0029,associate,2025-09-06T00:00:00+00:00,false
u_00350,ws_0036,paralegal,2025-07-14T00:00:00+00:00,false
u_00589,ws_0071,paralegal,2026-02-02T00:00:00+00:00,false
u_00038,ws_0005,paralegal,2025-10-28T00:00:00+00:00,false
u_00243,ws_0026,paralegal,2025-08-19T00:00:00+00:00,false
u_00371,ws_0036,associate,2024-12-24T00:00:00+00:00,true
u_00194,ws_0020,partner,2024-12-29T00:00:00+00:00,false
u_00308,ws_0031,paralegal,2025-05-24T00:00:00+00:00,false
u_00632,ws_0076,paralegal,2025-03-21T00:00:00+00:00,true
u_00546,ws_0067,partner,2025-12-25T00:00:00+00:00,true
u_00050,ws_0008,paralegal,2024-11-19T00:00:00+00:00,false
u_00388,ws_0041,paralegal,2026-01-29T00:00:00+00:00,false
u_00400,ws_0041,associate,2025-04-05T00:00:00+00:00,false
u_00429,ws_0041,partner,2025-11-13T00:00:00+00:00,false
u_00406,ws_0041,associate,2024-12-03T00:00:00+00:00,false
u_00251,ws_0026,associate,2025-03-04T00:00:00+00:00,false
u_00118,ws_0017,partner,2024-12-02T00:00:00+00:00,false
u_00062,ws_0008,in_house_counsel,2025-06-18T00:00:00+00:00,false
u_00266,ws_0029,paralegal,2025-06-29T00:00:00+00:00,false
u_00189,ws_0020,associate,2025-08-12T00:00:00+00:00,false
u_00603,ws_0072,paralegal,2026-03-18T00:00:00+00:00,false
u_00464,ws_0051,associate,2024-11-14T00:00:00+00:00,false
u_00258,ws_0027,paralegal,2025-02-20T00:00:00+00:00,false
u_00074,ws_0010,partner,2025-04-26T00:00:00+00:00,false
u_00441,ws_0043,partner,2025-08-15T00:00:00+00:00,false
u_00094,ws_0017,associate,2025-05-10T00:00:00+00:00,true
u_00554,ws_0067,paralegal,2025-05-26T00:00:00+00:00,false
u_00289,ws_0029,paralegal,2025-10-22T00:00:00+00:00,false
u_00676,ws_0077,in_house_counsel,2025-08-25T00:00:00+00:00,false
u_00509,ws_0061,paralegal,2025-02-28T00:00:00+00:00,false
u_00347,ws_0036,partner,2024-12-13T00:00:00+00:00,false
u_00159,ws_0019,paralegal,2024-11-14T00:00:00+00:00,false
u_00679,ws_0077,paralegal,2025-01-14T00:00:00+00:00,false
u_00238,ws_0025,associate,2025-09-19T00:00:00+00:00,false
u_00564,ws_0069,associate,2025-12-03T00:00:00+00:00,false
u_00362,ws_0036,associate,2025-06-15T00:00:00+00:00,false
u_00566,ws_0069,in_house_counsel,2025-04-05T00:00:00+00:00,false
u_00358,ws_0036,associate,2025-11-28T00:00:00+00:00,false
u_00278,ws_0029,associate,2025-04-06T00:00:00+00:00,false
u_00026,ws_0005,paralegal,2025-10-07T00:00:00+00:00,false
u_00257,ws_0027,partner,2025-09-11T00:00:00+00:00,false
u_00533,ws_0066,paralegal,2026-02-17T00:00:00+00:00,false
u_00357,ws_0036,partner,2025-06-30T00:00:00+00:00,false
u_00641,ws_0076,partner,2025-03-10T00:00:00+00:00,false
u_00580,ws_0071,associate,2025-09-05T00:00:00+00:00,false
u_00163,ws_0020,paralegal,2025-02-19T00:00:00+00:00,false
u_00213,ws_0021,paralegal,2024-12-12T00:00:00+00:00,false
u_00643,ws_0076,associate,2025-12-01T00:00:00+00:00,false
u_00164,ws_0020,paralegal,2025-07-20T00:00:00+00:00,false
u_00114,ws_0017,partner,2024-12-03T00:00:00+00:00,false
u_00600,ws_0072,associate,2025-04-02T00:00:00+00:00,false
u_00018,ws_0005,paralegal,2025-08-29T00:00:00+00:00,false
u_00091,ws_0017,paralegal,2025-07-19T00:00:00+00:00,false
u_00076,ws_0010,in_house_counsel,2025-09-27T00:00:00+00:00,false
u_00612,ws_0073,paralegal,2026-04-03T00:00:00+00:00,false
u_00186,ws_0020,paralegal,2026-01-07T00:00:00+00:00,false
u_00381,ws_0041,paralegal,2025-10-06T00:00:00+00:00,false
u_00023,ws_0005,in_house_counsel,2025-07-22T00:00:00+00:00,true
u_00336,ws_0035,associate,2024-10-27T00:00:00+00:00,true
u_00325,ws_0033,associate,2025-03-20T00:00:00+00:00,false
u_00022,ws_0005,partner,2025-07-26T00:00:00+00:00,false
u_00001,ws_0001,associate,2026-02-26T00:00:00+00:00,false
u_00410,ws_0041,paralegal,2025-06-26T00:00:00+00:00,false
u_00621,ws_0074,associate,2025-08-29T00:00:00+00:00,false
u_00333,ws_0035,associate,2024-12-08T00:00:00+00:00,false
u_00477,ws_0056,in_house_counsel,2025-01-04T00:00:00+00:00,false
u_00130,ws_0018,associate,2025-08-23T00:00:00+00:00,false
u_00080,ws_0013,partner,2025-06-05T00:00:00+00:00,false
u_00475,ws_0055,paralegal,2026-02-15T00:00:00+00:00,false
u_00316,ws_0033,paralegal,2025-10-09T00:00:00+00:00,false
u_00541,ws_0066,associate,2025-12-10T00:00:00+00:00,false
u_00677,ws_0077,associate,2025-10-11T00:00:00+00:00,false
u_00342,ws_0035,paralegal,2025-01-15T00:00:00+00:00,false
u_00391,ws_0041,associate,2025-01-18T00:00:00+00:00,false
u_00446,ws_0044,associate,2024-11-25T00:00:00+00:00,false
u_00233,ws_0025,in_house_counsel,2025-04-17T00:00:00+00:00,false
u_00368,ws_0036,partner,2026-01-22T00:00:00+00:00,false
u_00502,ws_0061,associate,2025-01-09T00:00:00+00:00,false
u_00630,ws_0076,associate,2026-01-04T00:00:00+00:00,true
u_00618,ws_0074,associate,2026-02-01T00:00:00+00:00,false
u_00032,ws_0005,associate,2025-06-21T00:00:00+00:00,false
u_00268,ws_0029,associate,2025-09-02T00:00:00+00:00,false
u_00651,ws_0076,associate,2025-09-17T00:00:00+00:00,false
u_00671,ws_0077,associate,2025-05-28T00:00:00+00:00,false
u_00640,ws_0076,partner,2025-12-31T00:00:00+00:00,false
u_00015,ws_0004,paralegal,2025-12-30T00:00:00+00:00,false
u_00638,ws_0076,associate,2026-01-31T00:00:00+00:00,false
u_orphan_0,ws_9000,associate,2026-03-21T00:00:00+00:00,false
u_00631,ws_0076,associate,2026-01-14T00:00:00+00:00,false
u_00670,ws_0077,associate,2026-01-10T00:00:00+00:00,false
u_00085,ws_0015,associate,2026-03-08T00:00:00+00:00,false
u_00132,ws_0018,associate,2025-11-18T00:00:00+00:00,false
u_00264,ws_0029,associate,2025-05-17T00:00:00+00:00,false
u_00267,ws_0029,associate,2024-11-16T00:00:00+00:00,false
u_00665,ws_0077,associate,2024-11-23T00:00:00+00:00,false
u_00254,ws_0027,associate,2025-05-22T00:00:00+00:00,false
u_00083,ws_0014,associate,2025-08-14T00:00:00+00:00,false
u_00005,ws_0003,partner,2025-11-18T00:00:00+00:00,false
u_00472,ws_0054,associate,2025-02-15T00:00:00+00:00,false
u_00672,ws_0077,partner,2025-12-23T00:00:00+00:00,true
u_00490,ws_0060,associate,2025-08-31T00:00:00+00:00,false
u_orphan_2,ws_9002,associate,2026-03-21T00:00:00+00:00,false
u_00340,ws_0035,partner,2025-04-11T00:00:00+00:00,false
u_00028,ws_0005,paralegal,2025-09-30T00:00:00+00:00,false
u_00420,ws_0041,associate,2025-05-02T00:00:00+00:00,false
u_00313,ws_0032,paralegal,2026-01-17T00:00:00+00:00,false
u_00232,ws_0025,partner,2025-04-08T00:00:00+00:00,false
u_00059,ws_0008,associate,2026-02-15T00:00:00+00:00,false
u_00222,ws_0024,associate,2026-02-14T00:00:00+00:00,false
u_00442,ws_0043,associate,2025-08-09T00:00:00+00:00,false
u_00125,ws_0018,associate,2025-09-15T00:00:00+00:00,false
u_00029,ws_0005,partner,2025-05-16T00:00:00+00:00,false
u_00570,ws_0071,paralegal,2025-05-14T00:00:00+00:00,false
u_00549,ws_0067,associate,2026-03-01T00:00:00+00:00,false
u_00417,ws_0041,paralegal,2024-12-15T00:00:00+00:00,false
u_00608,ws_0072,in_house_counsel,2025-08-27T00:00:00+00:00,false
u_00572,ws_0071,in_house_counsel,2025-12-20T00:00:00+00:00,false
u_00457,ws_0048,partner,2025-04-02T00:00:00+00:00,false
u_00324,ws_0033,associate,2026-02-11T00:00:00+00:00,false
u_00378,ws_0040,associate,2025-09-27T00:00:00+00:00,false
u_00548,ws_0067,partner,2026-03-16T00:00:00+00:00,false
u_00167,ws_0020,associate,2024-12-10T00:00:00+00:00,false
u_00363,ws_0036,associate,2025-01-06T00:00:00+00:00,false
u_00079,ws_0013,partner,2025-12-23T00:00:00+00:00,false
u_00611,ws_0073,associate,2026-03-17T00:00:00+00:00,false
u_00261,ws_0028,associate,2026-01-16T00:00:00+00:00,false
u_00040,ws_0005,in_house_counsel,2025-08-22T00:00:00+00:00,false
u_00158,ws_0019,partner,2025-11-13T00:00:00+00:00,false
u_00361,ws_0036,associate,2025-02-10T00:00:00+00:00,false
u_00596,ws_0071,associate,2024-11-21T00:00:00+00:00,false
u_00078,ws_0012,associate,2025-07-31T00:00:00+00:00,false
u_00528,ws_0065,associate,2024-11-13T00:00:00+00:00,false
u_00567,ws_0069,paralegal,2025-10-06T00:00:00+00:00,false
u_00543,ws_0067,in_house_counsel,2024-12-31T00:00:00+00:00,false
u_00327,ws_0034,associate,2025-03-14T00:00:00+00:00,false
u_00616,ws_0074,paralegal,2026-01-29T00:00:00+00:00,false
u_00205,ws_0020,partner,2025-08-06T00:00:00+00:00,false
u_00591,ws_0071,paralegal,2025-08-26T00:00:00+00:00,false
u_00488,ws_0060,associate,2025-07-15T00:00:00+00:00,false
u_00212,ws_0021,in_house_counsel,2025-11-02T00:00:00+00:00,false
u_00518,ws_0063,associate,2025-06-21T00:00:00+00:00,false
u_00364,ws_0036,paralegal,2024-11-24T00:00:00+00:00,false
u_00474,ws_0055,associate,2024-12-23T00:00:00+00:00,false
u_00146,ws_0018,associate,2025-06-28T00:00:00+00:00,false
u_00259,ws_0028,partner,2025-02-06T00:00:00+00:00,false
u_00203,ws_0020,paralegal,2025-06-30T00:00:00+00:00,false
u_00030,ws_0005,associate,2025-12-13T00:00:00+00:00,false
u_00020,ws_0005,paralegal,2025-07-08T00:00:00+00:00,false
u_00110,ws_0017,in_house_counsel,2025-10-03T00:00:00+00:00,false
u_00134,ws_0018,paralegal,2025-06-28T00:00:00+00:00,false
u_00007,ws_0003,partner,2025-04-11T00:00:00+00:00,false
u_00034,ws_0005,in_house_counsel,2025-06-15T00:00:00+00:00,false
u_00300,ws_0031,paralegal,2026-01-31T00:00:00+00:00,false
u_00008,ws_0003,paralegal,2026-03-10T00:00:00+00:00,false
u_00037,ws_0005,associate,2025-09-13T00:00:00+00:00,false
u_00241,ws_0026,associate,2025-10-23T00:00:00+00:00,false
u_00088,ws_0016,in_house_counsel,2025-01-04T00:00:00+00:00,false
u_00349,ws_0036,associate,2025-12-13T00:00:00+00:00,false
u_00279,ws_0029,associate,2026-01-23T00:00:00+00:00,false
u_00681,ws_0077,paralegal,2026-02-14T00:00:00+00:00,false
u_00215,ws_0021,associate,2026-02-01T00:00:00+00:00,false
u_00291,ws_0029,paralegal,2025-04-22T00:00:00+00:00,false
u_00198,ws_0020,associate,2025-03-22T00:00:00+00:00,false
u_00486,ws_0058,associate,2026-01-29T00:00:00+00:00,false
u_00522,ws_0064,associate,2026-01-26T00:00:00+00:00,false
u_00184,ws_0020,associate,2025-06-29T00:00:00+00:00,false
u_00006,ws_0003,paralegal,2025-11-19T00:00:00+00:00,false
u_00270,ws_0029,associate,2025-08-31T00:00:00+00:00,false
u_00484,ws_0057,associate,2025-03-27T00:00:00+00:00,false
u_00609,ws_0072,paralegal,2024-12-19T00:00:00+00:00,false
u_00326,ws_0033,paralegal,2025-11-17T00:00:00+00:00,false
u_00574,ws_0071,paralegal,2025-03-09T00:00:00+00:00,false
u_00123,ws_0018,associate,2025-02-04T00:00:00+00:00,false
u_00057,ws_0008,associate,2025-11-14T00:00:00+00:00,false
u_00197,ws_0020,associate,2025-08-06T00:00:00+00:00,false
u_00571,ws_0071,in_house_counsel,2025-09-15T00:00:00+00:00,false
u_00122,ws_0018,associate,2025-01-21T00:00:00+00:00,false
u_00401,ws_0041,paralegal,2025-11-30T00:00:00+00:00,false
u_00027,ws_0005,paralegal,2026-04-18T00:00:00+00:00,false
u_00427,ws_0041,associate,2025-07-12T00:00:00+00:00,false
u_00151,ws_0019,partner,2025-04-14T00:00:00+00:00,false
u_00200,ws_0020,associate,2025-06-21T00:00:00+00:00,true
u_00680,ws_0077,associate,2025-09-12T00:00:00+00:00,false
u_00096,ws_0017,associate,2025-07-29T00:00:00+00:00,false
u_00260,ws_0028,associate,2025-11-14T00:00:00+00:00,false
u_00310,ws_0032,paralegal,2026-02-21T00:00:00+00:00,false
u_00669,ws_0077,associate,2025-09-20T00:00:00+00:00,false
u_00105,ws_0017,associate,2025-06-10T00:00:00+00:00,false
u_00154,ws_0019,associate,2024-12-09T00:00:00+00:00,false
u_00337,ws_0035,associate,2025-12-06T00:00:00+00:00,false
u_00013,ws_0004,in_house_counsel,2025-02-22T00:00:00+00:00,false
u_00353,ws_0036,in_house_counsel,2025-02-19T00:00:00+00:00,false
u_00398,ws_0041,partner,2025-04-09T00:00:00+00:00,false
u_00664,ws_0077,associate,2025-09-05T00:00:00+00:00,false
u_00311,ws_0032,partner,2025-01-02T00:00:00+00:00,false
u_00453,ws_0048,associate,2025-10-02T00:00:00+00:00,false
u_00423,ws_0041,partner,2025-12-13T00:00:00+00:00,false
u_00307,ws_0031,associate,2025-01-15T00:00:00+00:00,false
u_00577,ws_0071,associate,2024-11-26T00:00:00+00:00,false
u_00531,ws_0066,associate,2026-04-16T00:00:00+00:00,false
u_00043,ws_0005,paralegal,2025-01-08T00:00:00+00:00,false
u_00542,ws_0066,associate,2026-04-16T00:00:00+00:00,false
u_00674,ws_0077,partner,2025-08-13T00:00:00+00:00,false
u_00126,ws_0018,partner,2025-08-17T00:00:00+00:00,false
u_00444,ws_0043,associate,2025-11-07T00:00:00+00:00,false
u_00513,ws_0061,associate,2025-07-20T00:00:00+00:00,false
u_00530,ws_0066,associate,2025-06-08T00:00:00+00:00,false
u_00510,ws_0061,associate,2026-01-21T00:00:00+00:00,false
u_00642,ws_0076,associate,2025-05-17T00:00:00+00:00,false
u_00482,ws_0057,paralegal,2024-12-05T00:00:00+00:00,false
u_00373,ws_0036,partner,2026-02-09T00:00:00+00:00,false
u_00301,ws_0031,partner,2024-11-13T00:00:00+00:00,false
u_00063,ws_0009,paralegal,2025-02-14T00:00:00+00:00,false
u_00628,ws_0075,in_house_counsel,2025-01-19T00:00:00+00:00,false
u_00071,ws_0010,associate,2025-03-27T00:00:00+00:00,false
u_00051,ws_0008,in_house_counsel,2025-01-18T00:00:00+00:00,false
u_00044,ws_0005,associate,2025-10-02T00:00:00+00:00,false
u_00111,ws_0017,associate,2025-06-14T00:00:00+00:00,true
u_00489,ws_0060,associate,2025-08-17T00:00:00+00:00,false
u_00226,ws_0024,associate,2025-12-02T00:00:00+00:00,false
u_00537,ws_0066,paralegal,2025-01-15T00:00:00+00:00,false
u_00315,ws_0033,in_house_counsel,2026-03-08T00:00:00+00:00,false
u_00210,ws_0021,associate,2025-09-26T00:00:00+00:00,false
u_00563,ws_0068,in_house_counsel,2025-02-21T00:00:00+00:00,false
u_00383,ws_0041,associate,2025-12-13T00:00:00+00:00,false
u_00321,ws_0033,associate,2025-04-12T00:00:00+00:00,false
u_00504,ws_0061,partner,2024-11-19T00:00:00+00:00,false
u_00519,ws_0064,associate,2025-01-09T00:00:00+00:00,false
u_00179,ws_0020,paralegal,2025-07-22T00:00:00+00:00,false
u_00636,ws_0076,associate,2025-07-19T00:00:00+00:00,false
u_00647,ws_0076,paralegal,2025-05-21T00:00:00+00:00,false
u_00332,ws_0035,associate,2025-10-17T00:00:00+00:00,false
u_00512,ws_0061,in_house_counsel,2026-04-13T00:00:00+00:00,false
u_00494,ws_0060,in_house_counsel,2024-12-18T00:00:00+00:00,false
u_00288,ws_0029,associate,2025-12-18T00:00:00+00:00,true
u_00271,ws_0029,paralegal,2026-03-24T00:00:00+00:00,false
u_00035,ws_0005,paralegal,2025-06-12T00:00:00+00:00,false
u_00073,ws_0010,partner,2026-03-31T00:00:00+00:00,false
u_00346,ws_0036,paralegal,2025-11-29T00:00:00+00:00,false
u_00328,ws_0034,paralegal,2026-01-23T00:00:00+00:00,false
u_00068,ws_0010,associate,2026-03-23T00:00:00+00:00,false
u_00447,ws_0044,associate,2026-01-17T00:00:00+00:00,false
u_00385,ws_0041,paralegal,2025-03-20T00:00:00+00:00,false
u_00416,ws_0041,partner,2025-06-07T00:00:00+00:00,false
u_00396,ws_0041,paralegal,2025-11-07T00:00:00+00:00,false
u_00195,ws_0020,associate,2025-11-09T00:00:00+00:00,false
u_00070,ws_0010,associate,2025-05-19T00:00:00+00:00,false
u_00153,ws_0019,associate,2025-12-06T00:00:00+00:00,false
u_00529,ws_0066,associate,2026-02-19T00:00:00+00:00,false
u_00188,ws_0020,paralegal,2025-06-23T00:00:00+00:00,false
u_00160,ws_0019,associate,2024-12-11T00:00:00+00:00,false
u_00478,ws_0056,associate,2025-04-22T00:00:00+00:00,false
u_00052,ws_0008,paralegal,2024-12-19T00:00:00+00:00,false
u_00561,ws_0068,associate,2025-08-16T00:00:00+00:00,false
u_00374,ws_0037,paralegal,2026-01-03T00:00:00+00:00,false
u_00045,ws_0006,partner,2026-04-14T00:00:00+00:00,false
u_00196,ws_0020,in_house_counsel,2025-06-17T00:00:00+00:00,false
u_00117,ws_0017,associate,2024-12-16T00:00:00+00:00,false
u_00036,ws_0005,associate,2025-05-25T00:00:00+00:00,false
u_00644,ws_0076,associate,2025-09-26T00:00:00+00:00,false
u_00569,ws_0071,paralegal,2025-09-09T00:00:00+00:00,false
u_00355,ws_0036,partner,2025-09-02T00:00:00+00:00,true
u_00590,ws_0071,associate,2026-04-13T00:00:00+00:00,false
u_00440,ws_0043,partner,2025-04-05T00:00:00+00:00,false
u_00061,ws_0008,paralegal,2025-03-26T00:00:00+00:00,false
u_00645,ws_0076,partner,2025-03-08T00:00:00+00:00,false
u_00175,ws_0020,associate,2026-01-07T00:00:00+00:00,false
u_00605,ws_0072,partner,2025-10-26T00:00:00+00:00,false
u_00495,ws_0061,partner,2025-06-29T00:00:00+00:00,false
u_00004,ws_0002,associate,2025-02-06T00:00:00+00:00,false
u_00227,ws_0024,associate,2025-02-14T00:00:00+00:00,false
u_00348,ws_0036,associate,2026-01-04T00:00:00+00:00,false
u_00265,ws_0029,associate,2025-02-10T00:00:00+00:00,false
u_00623,ws_0074,associate,2025-03-26T00:00:00+00:00,false
u_00303,ws_0031,paralegal,2025-11-19T00:00:00+00:00,false
u_00067,ws_0010,in_house_counsel,2026-03-23T00:00:00+00:00,false
u_00039,ws_0005,associate,2025-05-11T00:00:00+00:00,false
u_00684,ws_0077,paralegal,2025-06-03T00:00:00+00:00,false
u_00109,ws_0017,in_house_counsel,2024-10-29T00:00:00+00:00,false
u_00560,ws_0068,partner,2025-03-30T00:00:00+00:00,false
u_00048,ws_0007,associate,2025-12-16T00:00:00+00:00,false
u_00360,ws_0036,partner,2025-09-11T00:00:00+00:00,false
u_00046,ws_0006,paralegal,2025-12-31T00:00:00+00:00,false
u_00617,ws_0074,in_house_counsel,2026-02-24T00:00:00+00:00,false
u_00219,ws_0023,associate,2025-07-25T00:00:00+00:00,false
u_00239,ws_0025,paralegal,2025-08-24T00:00:00+00:00,false
u_00683,ws_0077,partner,2025-12-24T00:00:00+00:00,false
u_00405,ws_0041,associate,2025-01-18T00:00:00+00:00,false
u_00053,ws_0008,paralegal,2025-07-10T00:00:00+00:00,false
u_00597,ws_0072,in_house_counsel,2025-12-31T00:00:00+00:00,false
u_00380,ws_0041,in_house_counsel,2024-12-21T00:00:00+00:00,false
u_00639,ws_0076,in_house_counsel,2024-11-28T00:00:00+00:00,false
u_00256,ws_0027,associate,2026-01-08T00:00:00+00:00,false
u_00369,ws_0036,associate,2024-10-28T00:00:00+00:00,false
u_00553,ws_0067,paralegal,2025-05-28T00:00:00+00:00,false
u_00280,ws_0029,partner,2026-02-28T00:00:00+00:00,false
u_00162,ws_0020,paralegal,2026-02-07T00:00:00+00:00,false
u_00309,ws_0032,partner,2025-01-22T00:00:00+00:00,false
u_00648,ws_0076,paralegal,2025-03-13T00:00:00+00:00,false
u_00207,ws_0021,in_house_counsel,2026-03-10T00:00:00+00:00,false
u_00598,ws_0072,associate,2025-08-16T00:00:00+00:00,false
u_00000,ws_0000,associate,2025-07-23T00:00:00+00:00,false
u_00467,ws_0051,in_house_counsel,2025-06-08T00:00:00+00:00,false
u_00615,ws_0074,paralegal,2025-05-15T00:00:00+00:00,false
u_00161,ws_0019,associate,2025-11-22T00:00:00+00:00,false
u_00127,ws_0018,partner,2026-04-17T00:00:00+00:00,false
u_00016,ws_0004,partner,2024-12-24T00:00:00+00:00,false
u_00470,ws_0052,associate,2025-03-26T00:00:00+00:00,false
u_00101,ws_0017,associate,2026-04-02T00:00:00+00:00,false
u_00047,ws_0007,associate,2024-11-05T00:00:00+00:00,false
u_00049,ws_0008,in_house_counsel,2025-05-30T00:00:00+00:00,false
u_00351,ws_0036,associate,2025-01-27T00:00:00+00:00,false
u_00652,ws_0076,associate,2026-02-08T00:00:00+00:00,false
u_00133,ws_0018,paralegal,2026-02-05T00:00:00+00:00,false
u_00345,ws_0036,associate,2025-11-05T00:00:00+00:00,false
u_00290,ws_0029,associate,2025-08-27T00:00:00+00:00,false
u_00330,ws_0034,associate,2024-10-27T00:00:00+00:00,false
u_00620,ws_0074,associate,2025-07-14T00:00:00+00:00,false
u_00646,ws_0076,associate,2024-12-03T00:00:00+00:00,false
u_00216,ws_0022,paralegal,2025-03-09T00:00:00+00:00,false
u_00439,ws_0043,associate,2025-05-01T00:00:00+00:00,false
u_00613,ws_0074,paralegal,2025-03-08T00:00:00+00:00,false
u_00407,ws_0041,partner,2026-02-03T00:00:00+00:00,false
u_00547,ws_0067,associate,2026-04-03T00:00:00+00:00,false
u_00064,ws_0009,paralegal,2025-09-06T00:00:00+00:00,false
u_00366,ws_0036,paralegal,2025-06-25T00:00:00+00:00,false
u_00469,ws_0051,associate,2025-08-29T00:00:00+00:00,false
u_00625,ws_0074,partner,2025-11-13T00:00:00+00:00,false
u_00002,ws_0001,associate,2025-07-10T00:00:00+00:00,true
u_00335,ws_0035,paralegal,2026-01-06T00:00:00+00:00,false
u_00499,ws_0061,partner,2025-03-09T00:00:00+00:00,false
u_00465,ws_0051,paralegal,2025-06-17T00:00:00+00:00,false
u_00377,ws_0040,partner,2025-01-06T00:00:00+00:00,true
u_00284,ws_0029,associate,2024-12-07T00:00:00+00:00,false
u_00527,ws_0065,associate,2025-09-21T00:00:00+00:00,false
u_00412,ws_0041,associate,2025-12-16T00:00:00+00:00,false
u_00095,ws_0017,paralegal,2025-10-15T00:00:00+00:00,false
u_00077,ws_0011,associate,2025-08-18T00:00:00+00:00,false
u_00462,ws_0051,in_house_counsel,2025-05-28T00:00:00+00:00,false
u_00384,ws_0041,associate,2025-03-06T00:00:00+00:00,false
u_00424,ws_0041,associate,2025-11-05T00:00:00+00:00,false
u_00275,ws_0029,associate,2025-03-05T00:00:00+00:00,false
u_00145,ws_0018,associate,2025-11-06T00:00:00+00:00,false
u_00662,ws_0077,associate,2025-02-03T00:00:00+00:00,false
u_00402,ws_0041,associate,2025-07-08T00:00:00+00:00,false
u_00675,ws_0077,associate,2025-05-16T00:00:00+00:00,false
u_00329,ws_0034,associate,2025-05-18T00:00:00+00:00,false
u_00149,ws_0019,paralegal,2024-11-09T00:00:00+00:00,false
u_00255,ws_0027,associate,2025-06-22T00:00:00+00:00,false
u_00135,ws_0018,associate,2025-06-12T00:00:00+00:00,false
u_00129,ws_0018,associate,2025-07-04T00:00:00+00:00,false
u_00283,ws_0029,associate,2025-05-01T00:00:00+00:00,false
u_00593,ws_0071,associate,2024-12-11T00:00:00+00:00,false
u_00421,ws_0041,paralegal,2025-10-15T00:00:00+00:00,false
u_00138,ws_0018,paralegal,2025-08-06T00:00:00+00:00,true
u_00097,ws_0017,paralegal,2025-07-11T00:00:00+00:00,false
u_00526,ws_0065,partner,2025-05-19T00:00:00+00:00,false
u_00273,ws_0029,associate,2025-06-07T00:00:00+00:00,false
u_00296,ws_0029,in_house_counsel,2025-10-26T00:00:00+00:00,false
u_00635,ws_0076,partner,2025-03-26T00:00:00+00:00,false
u_00331,ws_0035,associate,2024-11-15T00:00:00+00:00,false
u_00629,ws_0076,partner,2025-01-15T00:00:00+00:00,false
u_00551,ws_0067,associate,2026-02-21T00:00:00+00:00,false
u_00287,ws_0029,in_house_counsel,2025-11-30T00:00:00+00:00,false
u_00545,ws_0067,associate,2025-04-30T00:00:00+00:00,false
u_00599,ws_0072,associate,2025-04-22T00:00:00+00:00,false
u_00583,ws_0071,paralegal,2024-11-24T00:00:00+00:00,false
u_00060,ws_0008,associate,2026-03-30T00:00:00+00:00,false
u_00595,ws_0071,associate,2025-07-12T00:00:00+00:00,false
u_00211,ws_0021,associate,2025-04-10T00:00:00+00:00,false
u_00142,ws_0018,associate,2025-07-09T00:00:00+00:00,false
u_00169,ws_0020,associate,2025-10-08T00:00:00+00:00,false
u_00438,ws_0043,associate,2025-06-03T00:00:00+00:00,false
u_00359,ws_0036,associate,2026-04-14T00:00:00+00:00,false
u_00214,ws_0021,associate,2025-05-08T00:00:00+00:00,false
u_00242,ws_0026,paralegal,2025-12-06T00:00:00+00:00,true
u_00685,ws_0078,associate,2025-01-06T00:00:00+00:00,false
u_00449,ws_0045,associate,2026-02-27T00:00:00+00:00,false
u_00089,ws_0017,associate,2024-11-01T00:00:00+00:00,false
u_00356,ws_0036,in_house_counsel,2025-05-11T00:00:00+00:00,false
u_00269,ws_0029,associate,2025-04-08T00:00:00+00:00,false
u_00460,ws_0050,paralegal,2024-12-20T00:00:00+00:00,false
u_00656,ws_0076,partner,2024-12-15T00:00:00+00:00,false
u_00304,ws_0031,partner,2025-09-29T00:00:00+00:00,false
u_00253,ws_0026,partner,2025-11-19T00:00:00+00:00,false
u_00104,ws_0017,associate,2025-05-16T00:00:00+00:00,false
u_00435,ws_0041,associate,2025-08-12T00:00:00+00:00,false
u_00223,ws_0024,associate,2025-06-14T00:00:00+00:00,false
u_00559,ws_0067,associate,2025-03-25T00:00:00+00:00,false
u_00451,ws_0046,paralegal,2025-02-02T00:00:00+00:00,false
u_00042,ws_0005,partner,2024-12-19T00:00:00+00:00,false
u_00555,ws_0067,paralegal,2024-11-02T00:00:00+00:00,false
u_00375,ws_0038,partner,2025-05-08T00:00:00+00:00,false
u_00556,ws_0067,associate,2026-02-16T00:00:00+00:00,false
u_00274,ws_0029,associate,2025-10-16T00:00:00+00:00,false
u_00116,ws_0017,associate,2025-10-13T00:00:00+00:00,false
u_00586,ws_0071,paralegal,2025-04-24T00:00:00+00:00,false
u_00115,ws_0017,partner,2025-07-02T00:00:00+00:00,false
u_00678,ws_0077,associate,2026-03-21T00:00:00+00:00,false
u_00562,ws_0068,associate,2025-11-23T00:00:00+00:00,false
u_00507,ws_0061,partner,2025-05-09T00:00:00+00:00,false
u_00579,ws_0071,associate,2025-09-23T00:00:00+00:00,false
u_00468,ws_0051,paralegal,2026-03-23T00:00:00+00:00,false
u_00172,ws_0020,associate,2025-03-25T00:00:00+00:00,false
u_00661,ws_0077,associate,2025-03-06T00:00:00+00:00,false
u_00667,ws_0077,associate,2026-01-22T00:00:00+00:00,false
u_00230,ws_0024,associate,2025-04-05T00:00:00+00:00,false
u_00281,ws_0029,associate,2025-02-09T00:00:00+00:00,false
u_00033,ws_0005,partner,2025-03-27T00:00:00+00:00,false
u_00299,ws_0030,paralegal,2025-05-07T00:00:00+00:00,false
u_00225,ws_0024,associate,2024-12-01T00:00:00+00:00,false
u_00031,ws_0005,associate,2025-06-07T00:00:00+00:00,false
u_00578,ws_0071,paralegal,2024-12-25T00:00:00+00:00,false
u_00084,ws_0014,paralegal,2025-12-17T00:00:00+00:00,false
u_00171,ws_0020,paralegal,2026-03-06T00:00:00+00:00,false
u_00500,ws_0061,partner,2025-06-27T00:00:00+00:00,false
u_00454,ws_0048,associate,2025-03-20T00:00:00+00:00,false
u_00425,ws_0041,paralegal,2025-04-30T00:00:00+00:00,false
u_00503,ws_0061,associate,2024-11-30T00:00:00+00:00,false
u_00418,ws_0041,paralegal,2026-02-03T00:00:00+00:00,false
u_00506,ws_0061,paralegal,2025-07-30T00:00:00+00:00,false
u_00517,ws_0063,paralegal,2025-06-05T00:00:00+00:00,false
u_00575,ws_0071,associate,2025-07-04T00:00:00+00:00,false
u_00393,ws_0041,partner,2025-04-23T00:00:00+00:00,false
u_00199,ws_0020,partner,2025-03-25T00:00:00+00:00,false
u_00139,ws_0018,associate,2026-03-29T00:00:00+00:00,false
u_00496,ws_0061,associate,2026-01-18T00:00:00+00:00,false
u_00009,ws_0003,associate,2025-08-07T00:00:00+00:00,false
u_00367,ws_0036,associate,2025-08-16T00:00:00+00:00,false
u_00054,ws_0008,associate,2025-08-18T00:00:00+00:00,false
u_00634,ws_0076,associate,2025-08-14T00:00:00+00:00,false
u_00461,ws_0050,partner,2024-11-08T00:00:00+00:00,false
u_00322,ws_0033,associate,2025-02-25T00:00:00+00:00,false
u_00191,ws_0020,partner,2025-03-24T00:00:00+00:00,false
u_00143,ws_0018,associate,2024-12-02T00:00:00+00:00,false
u_00295,ws_0029,associate,2025-12-23T00:00:00+00:00,false
u_00501,ws_0061,partner,2025-12-31T00:00:00+00:00,false
u_00170,ws_0020,associate,2025-03-23T00:00:00+00:00,false
u_00568,ws_0070,partner,2026-02-04T00:00:00+00:00,false
u_00177,ws_0020,partner,2025-11-23T00:00:00+00:00,false
u_00660,ws_0077,associate,2025-04-21T00:00:00+00:00,false
u_00550,ws_0067,partner,2025-01-25T00:00:00+00:00,false
u_00650,ws_0076,associate,2026-03-23T00:00:00+00:00,false
u_00498,ws_0061,partner,2025-10-21T00:00:00+00:00,false
u_00190,ws_0020,associate,2025-10-17T00:00:00+00:00,false
u_00433,ws_0041,paralegal,2025-02-17T00:00:00+00:00,false
u_00392,ws_0041,associate,2025-01-20T00:00:00+00:00,false
u_00588,ws_0071,paralegal,2026-02-18T00:00:00+00:00,false
u_00141,ws_0018,paralegal,2025-10-22T00:00:00+00:00,false
u_00610,ws_0072,in_house_counsel,2025-07-06T00:00:00+00:00,false
u_00428,ws_0041,associate,2026-01-14T00:00:00+00:00,false
u_00397,ws_0041,partner,2025-01-26T00:00:00+00:00,true
u_00523,ws_0064,associate,2025-04-14T00:00:00+00:00,false
u_00144,ws_0018,associate,2025-02-25T00:00:00+00:00,false
u_00382,ws_0041,paralegal,2026-03-02T00:00:00+00:00,false
u_00187,ws_0020,associate,2026-03-21T00:00:00+00:00,true
u_00119,ws_0018,partner,2025-06-12T00:00:00+00:00,false
u_00312,ws_0032,partner,2025-06-30T00:00:00+00:00,false
u_00244,ws_0026,partner,2025-07-22T00:00:00+00:00,false
u_00120,ws_0018,associate,2025-02-17T00:00:00+00:00,false
u_00320,ws_0033,paralegal,2025-01-25T00:00:00+00:00,false
u_00137,ws_0018,associate,2026-03-10T00:00:00+00:00,false
u_00086,ws_0015,associate,2025-04-05T00:00:00+00:00,false
u_00604,ws_0072,associate,2024-12-18T00:00:00+00:00,false
